naam;hoeveelheid;prijs;aanbieding
AH Liefde & Passie Rogge (ongesneden);per stuk;2.09;
AH Liefde & Passie Spelt (vers ingevroren);per stuk;2.59;
AH Liefde & Passie Petit beurre (vers ingevroren);per stuk;1.00;
AH Liefde & Passie Petit pains spelt;4 stuks;1.99;
AH Meerzaden (ongesneden);per stuk;2.49;
AH Liefde & Passie Meerzaden(vers ingevroren en ongesneden);per stuk;2.49;
AH Liefde & Passie Pistolets meergranen;5 stuks;1.79;
AH Liefde & Passie Volkoren (ongesneden);per stuk;2.49;
AH Liefde & Passie San Fransisco;per stuk;2.69;
AH Zaans volkoren (vers ingevroren);800 g;1.19;
AH Liefde & Passie Spelt (vers ingevroren);per stuk;2.58;
AH Zaans bruin (vers ingevroren);800 g;1.19;
AH Les Pains boulogne (vers ingevroren);per stuk;2.09;
AH Tijgerbrood bruin heel (vers ingevroren);per stuk;1.89;
AH Tijger volkoren heel (vers ingevroren);800 g;1.89;
AH Le Pains Madeleine (vers ingevroren);per stuk;2.09;
AH Zaans volkoren half (vers ingevroren);400 g;0.69;
AH Les Pains boulogne meergranen half;per stuk;1.09;
AH Les Pains bastille volkoren half;per stuk;1.09;
AH Les Pains madelaine mais half;per stuk;1.09;
AH Tijger volkoren half;per stuk;0.99;
AH Vloerbrood volkoren;per stuk;2.49;
AH Vloerbrood meergranen;per stuk;2.49;
AH Stevig spelt gesneden;per stuk;2.69;
AH Tijger wit half;per stuk;0.99;
AH Tijger bruin heel;per stuk;1.09;
AH Zaans bruin heel;per stuk;1.19;
AH Zaanse snijder bruin half;per stuk;0.65;
AH Tijger bruin half;per stuk;0.55;
AH Les Pains mediterrane bruin half;per stuk;1.09;
AH Tijger bruin half;per stuk;0.99;
Blue Band Goede start vezelrijk lichtbruin heel;per stuk;1.69;
AH Zaans bruin (vers ingevroren);800 g;1.19;
AH Zaans volkoren heel;per stuk;1.19;
AH Zaans volkoren half;per stuk;0.65;
AH Les Pains bastille volkoren half;per stuk;1.09;
AH Tijger volkoren half;per stuk;0.99;
AH Vloerbrood volkoren;per stuk;2.49;
AH Zaans volkoren (vers ingevroren);800 g;1.19;
AH Boerenvolkoren sesam heel;per stuk;1.29;
AH Boerenvolkoren sesam half;per stuk;0.69;
AH Tijger wit half;per stuk;0.55;
AH Tijger wit heel;per stuk;0.99;
AH Tijger wit half;per stuk;0.99;
AH Casino wit half;per stuk;0.60;
AH Casino wit heel;per stuk;1.15;
AH Zaans wit half;per stuk;0.65;
AH Zaans wit heel;per stuk;1.19;
AH Vloerbrood wit;per stuk;2.49;
AH Les Pains boulogne meergranen half;per stuk;1.09;
Waldkorn Heel;800 g;1.89;
AH Vloerbrood meergranen;per stuk;2.49;
AH Les Pains triomphe meergranen half;per stuk;1.09;
AH BASIC Meergranen heel;per stuk;1.09;
AH Les Pains boulogne (vers ingevroren);per stuk;2.09;
AH Stevig donker meergranen;per stuk;2.39;
AH Zaans meergranen heel;per stuk;1.29;
Proef 't Verschil Batard spelt;500 g;1.39;
Genius Glutenvrij bruinbrood;350 g;1.99;
Genius Glutenvrij meerzadenbrood;400 g;1.99;
Pure Ambacht Boeren volkoren heel;800 g;0.99;
Pure Ambacht Carree cereal;Per stuk;0.99;
Pure Ambacht Carree complet;Per stuk;0.99;
Pure Ambacht Carree mais;Per stuk;0.99;
Pure Ambacht Carree noir;Per stuk;0.99;
Pure Ambacht Mokums Allinson volkoren gesneden heel;800 g;0.99;
Pure Ambacht Mokums donker volkoren heel;800 g;0.99;
Pure Ambacht Mokums grof volkoren heel;800 g;0.99;
Pure Ambacht Pane Completo;570 g;1.39;
Pure Ambacht Pane bianco tigre;570 g;1.39;
Pure Ambacht Pane cereali;570 g;1.39;
Pure Ambacht Rozijn scharreleierkoeken;300 g;0.79;
Pure Ambacht Scharreleierkoeken;250 g;0.79;
Vers Afgebakken Baguette cereal;400 g;1.19;
Vers Afgebakken Batard volkoren;500 g;1.39;
Vers Afgebakken Batard wit;500 g;1.39;
Vers Afgebakken Batard pompadour;500 g;1.39;
Vers Afgebakken Batard meergranen;500 g;1.39;
Vers Afgebakken Pain blanc;Per stuk;1.19;
Vers Afgebakken Stokbrood tarwe;Per stuk;0.89;
Vers Afgebakken Stokbrood wit;Per stuk;0.89;
Carree tigre blanc;Per stuk;0.99;
Mini suikerbol;360 g;1.49;
Sportknip 75% minder koolhydraat;500 g;2.29;
Volkoren rozijnen krentenbol;4 stuks;0.89;
Bolletje Roggebrood fries;500 g;0.89;
Crispy Roggebrood;500 g;0.41;
Pure Ambacht Boeren donker meergranen heel;800 g;1.79;
Pure Ambacht Boeren donker meergranen half;400 g;0.95;
Pure Ambacht Boeren volkoren half;400 g;0.95;
Pure Ambacht Boeren zonnepit meergranen heel;800 g;1.79;
Pure Ambacht Boeren zonnepit meergranen heel;400 g;0.95;
Pure Ambacht Fries meergranen half;400 g;0.95;
Pure Ambacht Fries meergranen heel;800 g;1.79;
Pure Ambacht Mokums Woutkorn heel;800 g;1.59;
Pure Ambacht Mokums Woutkorn half;400 g;0.85;
Pure Ambacht Mokums allinson volkoren half;400 g;0.85;
Pure Ambacht Mokums bruin heel;800 g;1.59;
Pure Ambacht Mokums bruin half;400 g;0.85;
Pure Ambacht Mokums donker volkoren half;400 g;0.85;
Pure Ambacht Mokums grof volkoren half;400 g;0.85;
Pure Ambacht Mokums melk wit heel;800 g;1.59;
Pure Ambacht Mokums melk wit half;400 g;0.85;
Pure Ambacht Mueslibrood volkoren;450 g;1.99;
Pure Ambacht Reuze appelkaneel bol;4 stuks;1.59;
Pure Ambacht Reuze mueslibol;4 stuks;1.59;
Pure Ambacht Reuze rozijnenbol;4 stuks;1.49;
Pure Ambacht Rozijnenbrood;450 g;1.49;
Soma Oberlander roggebrood;Per stuk;1.15;
Soma Slank in;Per stuk;1.15;
Soma Speltkoren;Per stuk;1.39;
Soma Waldkorn tarwe rogge;Per stuk;1.19;
Van Der Meulen Roggebrood fries bakkers;5 stuks;0.79;
Van Dijk's Roggebrood fries;500 g;0.89;
Vers Uit Onze Oven Boeren bruin heel;800 g;1.09;
Vers Uit Onze Oven Boeren sesam volkoren heel;800 g;0.99;
Vers Uit Onze Oven Boeren spelt half;400 g;1.09;
Vers Uit Onze Oven Boeren tijgerbruin heel;800 g;0.99;
Vers Uit Onze Oven Boeren tijgerwit heel;800 g;0.99;
Vers Uit Onze Oven Boeren wit heel;800 g;1.09;
Vers Uit Onze Oven Casino bruin heel;800 g;1.09;
Vers Uit Onze Oven Casino bruin half;400 g;0.59;
Vers Uit Onze Oven Casino wit half;400 g;0.59;
Vers Uit Onze Oven Casino wit heel;800 g;1.09;
Vers Uit Onze Oven Fijn volkoren;800 g;0.99;
Vers Uit Onze Oven Rond bruin heel;800 g;1.09;
Vers Uit Onze Oven Rond wit heel;800 g;0.99;
Vers Voordeel Voordeel in de knip bruin heel gesneden;Per stuk;0.79;
Vers Voordeel Voordeel in de knip wit heel gesneden;800 g;0.79;
Krentenrozijnenbollen;6 stuks;1.29;
Krentenwegge 5 plakjes;200 g;1.19;
Petit pain wit;8 stuks;1.39;
Turks brood;400 g;0.89;
Molenbrood Bus waldkorn brood heel;800 g;2.19;
Molenbrood Bus volkoren brood heel;800 g;1.89;
Molenbrood Waldkorn brood half;400 g;1.15;
Molenbrood Bus tarwe brood heel;800 g;1.89;
Coop Boeren bruin tijger brood heel;800 g;1.09;
Molenbrood Bus wit brood heel;800 g;1.89;
Molenbrood Bus volkoren brood half;400 g;1.00;
Tostibrood wit;400 g;0.95;
Coop Boeren waldkorn brood heel;800 g;1.79;
Coop Rond bruin brood heel;800 g;1.19;
Molenbrood Bus tarwe brood half;400 g;1.00;
Coop Rond volkoren brood heel;800 g;1.19;
Molenbrood Bus zonne brood heel;800 g;2.09;
Coop Boeren volkoren brood heel;800 g;1.59;
Coop Boeren waldkorn brood half;400 g;0.90;
Molenbrood Bus licht meergranen brood heel;800 g;2.09;
Molenbrood Bus wit brood half;400 g;1.00;
Coop Boeren wit tijger brood heel;800 g;1.09;
Molenbrood Vloerbrood donker spelt heel;800 g;1.59;
Molenbrood Boeren dubbeldonker brood heel;800 g;2.09;
Van Dijk Fries Gesn Roggebrood;500 g;0.95;
Coop Boeren bruin brood heel;800 g;1.39;
Molenbrood Vloerbrood donker heel;800 g;1.79;
Coop Boeren volkoren brood half;400 g;0.85;
Coop Rond volkoren brood half;400 g;0.65;
Molenbrood Bio licht meergranen brood heel;800 g;1.59;
Molenbrood Boeren volkoren brood half;400 g;1.03;
Coop Rond wit brood half;400 g;0.65;
SOMA Waldkorn;375 g;1.25;
Molenbrood Stoer volkoren zonnepit brood zwaar half;400 g;1.05;
Coop Brabants suikerbrood;400 g;1.69;
Coop Boeren wit sesam brood heel;800 g;1.39;
Bolletje Fries Roggebrood 9 Sneetjes 500 g;500 g;1.00;
Molenbrood Bio donker meergranen brood half;400 g;1.29;
Molenbrood Bio licht meergranen brood half;400 g;1.29;
Coop Luxe feeststol;750 g;3.99;
Bolletje Fries Roggebrood 5 Sneetjes 250 g;250 g;0.83;
Molenbrood Stoer volkoren brood half;400 g;1.05;
Vd Veer Fries Roggebrood;500 g;0.59;
Coop Gelders rozijnenbrood;600 g;2.65;
Soma Oberlander;400 g;1.35;
Van der Meulen Crispy roggebrood Fries;500 g;0.45;
Soma Brabants Roggebrood;400 g;0.89;
Van der Meulen Roggerbrood Per stuk verpakt;5 stuk(s);0.85;
Coop Heel volkoren tarwebrood;800 g;1.79;
Authentiek vruchten noten bol;450 g;2.99;
Van der Meulen Fries roggebrood;500 g;0.90;
Soma Rozijnen noten rogge tarwebrood;400 g;1.25;
Consenza Bruinbroodplakjes;220 g;2.39;
Consenza Witbroodplakjes;220 g;2.49;
Smaakt Roggebrood biologisch;500 g;1.78;
